Wind_Speed_ms,Wind_Gen_MWh,Solar_Radiation_Wm2,Solar_Gen_MWh,Cloud_Cover_pct
4.569444444444444,11524.61,0.0,52.53,0.0
4.923611111111112,10242.2,0.0,621.99,0.0
3.0555555555555554,2145.88,256.75,23253.22,0.25
2.451388888888889,709.14,692.5,45633.79,5.25
2.4444444444444446,519.37,853.0,45076.18,12.25
2.201388888888889,861.31,596.5,28157.6,13.5
3.7430555555555554,1529.48,203.75,2504.65,15.25
3.6805555555555554,6533.64,0.0,53.34,2.5
4.298611111111111,10508.36,0.0,52.47,0.25
4.673611111111111,10296.16,0.0,609.47,0.0
3.173611111111111,4010.46,253.75,22397.3,0.0
2.5416666666666665,1502.87,692.25,44058.38,0.0
2.368055555555556,1422.75,837.5,44471.8,8.25
3.1875,5564.94,607.0,24447.24,9.75
5.034722222222222,14911.71,193.0,1761.6,46.75
4.611111111111112,15981.74,0.0,55.43,21.75
6.798611111111112,15872.82,0.0,56.22,18.75
6.208333333333334,17596.26,0.0,368.21,40.0
6.208333333333334,16508.59,164.0,13412.68,60.5
6.215277777777778,14400.5,506.5,29376.99,71.25
5.541666666666666,13145.21,800.75,35228.73,42.75
5.208333333333333,11762.14,520.25,25558.42,48.5
4.895833333333333,7876.57,185.5,2561.8,35.75
4.402777777777778,6700.01,0.0,53.84,19.0
3.7430555555555554,4737.71,0.0,51.85,50.0
3.763888888888889,3471.82,0.0,550.78,40.0
3.0763888888888884,1846.32,202.75,19034.78,68.5
4.25,4642.46,569.0,42988.67,44.75
3.7430555555555554,6722.43,664.75,43115.74,63.0
4.409722222222222,6050.31,555.75,28161.85,49.5
4.208333333333333,2665.43,154.0,2694.65,61.25
3.7222222222222223,4148.54,0.0,57.51,33.25
4.381944444444445,10408.4,0.0,57.66,25.75
5.048611111111112,14597.54,0.0,595.18,62.75
3.194444444444444,9850.83,209.5,20935.08,73.75
4.270833333333333,12540.67,621.0,36610.79,74.75
4.611111111111112,15236.3,677.75,36843.19,57.5
6.5555555555555545,17471.15,534.25,22582.19,87.25
6.270833333333333,13209.69,180.5,2075.69,70.25
5.513888888888889,9434.53,0.0,66.73,81.5
3.333333333333333,8418.62,0.0,60.34,86.75
4.631944444444445,11210.05,0.0,374.5,94.5
4.159722222222222,10057.95,194.5,15732.35,71.5
4.826388888888888,11997.41,481.5,30568.84,68.25
4.486111111111111,15158.88,573.0,22854.88,86.25
6.458333333333333,13222.8,322.75,9920.94,98.75
5.777777777777778,9563.46,55.75,860.48,100.0
5.541666666666666,7414.64,0.0,57.9,100.0
5.923611111111111,6361.87,0.0,52.65,98.5
5.5,5397.74,0.0,242.15,94.5
4.694444444444444,4038.88,132.25,9393.64,99.25
4.576388888888889,4658.95,492.5,26450.8,81.5
4.756944444444445,8815.23,467.5,27400.75,94.75
5.138888888888888,12616.71,402.25,15781.77,72.0
5.076388888888888,13577.51,107.5,1646.05,76.0
5.722222222222222,13084.03,0.0,59.57,81.0
6.104166666666667,11654.48,0.0,53.43,80.75
5.743055555555555,12093.96,0.0,292.77,80.0
5.819444444444444,9675.97,140.5,12996.14,94.25
4.673611111111111,11410.19,478.25,26555.34,73.25
6.472222222222222,13678.64,514.5,28913.14,78.25
6.111111111111111,16166.57,350.5,19765.23,85.25
5.854166666666666,13338.82,142.75,2066.53,49.0
6.0,11994.0,0.0,60.8,42.75
6.430555555555555,11794.35,0.0,52.07,44.75
5.881944444444445,12095.41,0.0,299.36,62.5
5.083333333333333,10366.54,164.75,14235.21,73.25
5.6875,11849.62,531.25,26910.37,57.0
6.340277777777778,12403.6,697.25,29389.15,47.25
6.180555555555555,11651.2,462.25,19887.45,76.0
5.361111111111112,7330.62,142.75,2171.86,69.5
5.097222222222221,5819.1,0.0,55.46,50.5
4.013888888888888,4300.46,0.0,52.81,56.5
3.326388888888889,3186.73,0.0,367.79,57.25
2.7847222222222223,1430.41,222.75,18404.4,29.75
2.7152777777777777,2792.52,623.0,38203.74,19.75
3.416666666666666,5908.26,721.0,36971.63,38.0
4.326388888888888,8118.26,352.25,22222.23,81.25
4.548611111111111,5902.74,146.0,2215.0,74.25
3.506944444444444,5199.22,0.0,59.86,44.5
4.895833333333333,5430.5,0.0,54.48,54.25
4.666666666666667,5948.8,0.0,356.28,47.75
3.506944444444444,3848.76,196.75,15372.71,96.5
4.034722222222221,7497.14,498.5,32457.58,75.75
4.874999999999999,10638.53,686.25,35782.51,93.75
6.006944444444445,14615.94,449.75,21250.94,73.75
6.298611111111111,11082.49,124.5,2089.69,100.0
5.395833333333333,8145.65,0.0,62.7,100.0
5.36111111111111,6538.0,0.0,54.51,79.5
5.409722222222222,8589.67,0.0,201.72,77.0
4.208333333333333,8160.41,143.75,12460.2,77.25
4.479166666666667,9611.73,409.5,27923.09,77.0
3.625,7818.58,415.0,26066.42,86.5
5.083333333333333,7813.0,298.25,14418.55,82.75
4.208333333333333,6113.62,113.25,1561.66,71.25
3.6041666666666665,4954.44,0.0,64.16,38.0
3.6666666666666665,3930.99,0.0,54.35,72.75
3.1805555555555554,4271.06,0.0,201.66,47.25
3.9375,2652.3,171.75,12578.64,59.5
3.25,2740.17,403.0,32198.28,61.25
3.9861111111111107,3464.28,614.25,35055.54,59.5
2.9791666666666665,3579.16,484.25,24268.85,43.75
3.486111111111111,1566.65,155.25,2130.95,27.5
3.868055555555556,1239.16,0.0,58.88,23.0
4.0625,1617.33,0.0,53.8,3.75
2.6250000000000004,4296.32,0.0,346.32,28.5
3.4722222222222223,3333.1,192.75,16227.88,76.25
4.805555555555555,4712.75,535.0,28317.13,58.75
4.8125,7853.06,596.25,28689.98,74.5
4.159722222222222,8973.24,370.25,17837.58,100.0
3.8541666666666665,5321.38,143.0,1915.24,38.25
4.805555555555555,4148.24,0.0,11.04,11.25
4.701388888888889,4954.43,0.0,5.72,32.0
5.138888888888888,7492.09,0.0,247.04,57.75
4.6875,7291.01,169.0,14085.31,71.5
4.923611111111112,9301.52,518.5,28249.68,62.5
5.576388888888888,13384.95,437.5,26799.2,78.75
6.076388888888888,12425.55,419.0,18843.23,67.5
5.020833333333333,6395.8,130.5,1783.29,69.0
4.597222222222222,6160.73,0.0,5.5,59.0
4.923611111111112,7687.39,0.0,5.38,28.0
5.381944444444445,9851.3,0.0,274.28,57.75
4.5,7268.31,113.0,12342.29,76.0
3.881944444444444,7984.76,487.75,25940.05,78.75
4.708333333333333,10260.55,491.0,28646.0,59.5
5.215277777777779,10907.64,505.25,17316.94,39.5
4.451388888888888,8158.15,130.75,1665.44,64.0
5.722222222222222,8604.08,0.0,20.1,59.5
5.361111111111112,9173.33,0.0,5.91,66.5
5.430555555555555,10794.94,0.0,163.18,54.5
4.763888888888888,9867.05,161.25,12714.32,65.5
5.715277777777778,13017.04,385.5,26358.87,68.0
6.402777777777778,13842.86,414.5,28105.12,82.25
6.222222222222221,13758.71,339.5,16919.63,76.75
5.465277777777778,9467.25,132.0,1480.73,26.5
4.138888888888889,6190.88,0.0,9.61,40.5
3.8055555555555554,3315.34,0.0,5.67,54.0
4.034722222222222,1814.6,0.0,104.68,87.25
2.7222222222222223,546.09,171.75,14565.08,56.25
1.777777777777778,480.07,546.25,32735.99,54.5
2.4722222222222223,721.3,553.0,37014.54,85.75
1.8333333333333335,1294.46,486.75,23978.63,80.5
2.5555555555555554,931.49,147.5,2093.47,43.0
2.763888888888889,1303.59,0.0,19.74,2.0
2.527777777777778,2069.36,0.0,8.73,4.75
2.659722222222222,3234.72,0.0,213.51,0.75
2.6041666666666665,2174.83,216.5,21134.07,3.25
2.305555555555556,2434.68,646.75,45071.93,19.0
2.861111111111111,4344.3,777.0,43008.21,39.75
3.8402777777777777,7048.47,565.75,21113.98,53.25
5.041666666666666,7430.93,120.75,1581.64,72.0
5.847222222222222,12502.76,0.0,9.1,76.0
5.215277777777779,9641.68,0.0,5.65,44.0
4.333333333333333,7093.88,0.0,230.55,35.25
3.645833333333333,2469.27,203.5,19434.84,98.25
2.9722222222222223,2102.01,611.75,38341.01,59.75
4.173611111111111,3516.96,753.75,37818.82,78.25
3.5,5079.58,424.5,19544.7,74.75
3.7152777777777777,7490.9,152.0,1294.27,58.25
4.937499999999999,12335.53,0.0,6.73,95.0
5.256944444444445,9645.0,0.0,8.69,99.75
4.236111111111111,6994.76,0.0,77.3,99.5
3.1805555555555554,4009.0,75.5,6204.22,100.0
3.395833333333333,3259.18,221.5,12948.03,100.0
3.3402777777777777,5175.05,281.5,19159.66,100.0
4.715277777777778,10287.55,419.0,15010.45,76.0
5.125,8352.75,84.5,1350.98,78.75
5.263888888888888,9282.07,0.0,8.06,76.5
5.534722222222222,11715.25,0.0,5.56,74.0
5.958333333333333,12448.52,0.0,88.77,77.75
5.67361111111111,11352.78,137.75,11175.41,62.0
6.597222222222222,13888.25,517.25,26019.36,54.5
6.881944444444444,16754.45,489.0,29871.19,75.5
6.965277777777778,18137.37,449.75,17526.21,62.75
5.659722222222222,15941.33,102.25,1241.79,59.0
6.798611111111112,21585.56,0.0,7.43,59.75
7.361111111111111,24197.06,0.0,5.55,69.0
7.326388888888888,23288.23,0.0,70.32,73.25
7.048611111111111,21946.7,111.0,13138.64,67.75
6.930555555555555,21120.07,362.25,30547.63,61.5
7.166666666666667,20231.29,385.0,31019.02,86.5
6.798611111111112,17273.23,281.0,19112.14,94.0
5.479166666666667,9713.16,80.5,1404.58,90.75
4.631944444444445,6373.65,0.0,12.79,84.0
4.013888888888888,4403.4,0.0,5.26,100.0
3.9861111111111116,3746.7,0.0,116.33,80.75
4.076388888888889,1936.21,122.5,9873.24,77.5
2.763888888888889,1738.01,363.75,24970.71,89.5
3.6736111111111107,2692.45,552.75,27089.3,90.25
2.7777777777777777,3752.08,373.5,16719.49,92.5
3.0486111111111107,2246.11,120.75,1356.82,77.5
3.6041666666666665,2149.48,0.0,8.24,86.0
3.1875,2098.63,0.0,8.1,95.0
2.444444444444444,3206.49,0.0,69.08,80.25
2.6458333333333335,2553.52,110.0,11685.78,75.75
2.972222222222222,3344.11,435.75,26400.5,77.5
3.2499999999999996,5330.25,466.25,29333.17,99.0
4.743055555555555,7279.78,413.25,16058.55,86.75
4.25,4976.88,110.5,1156.63,86.0
4.298611111111111,3356.29,0.0,8.55,46.5
4.201388888888888,2784.9,0.0,7.63,66.25
4.430555555555555,2374.27,0.0,51.09,77.5
3.125,2068.25,98.5,10592.28,68.0
3.138888888888889,1505.16,302.25,24678.19,91.0
3.4236111111111107,2277.94,526.5,28905.0,76.25
3.138888888888889,2720.21,347.5,16314.2,67.5
2.576388888888889,975.34,110.0,1097.54,56.5
2.7361111111111116,758.21,0.0,7.15,62.75
3.298611111111111,1800.63,0.0,5.82,96.25
3.1875,2030.66,0.0,71.61,87.25
3.284722222222222,2264.28,92.25,9739.86,98.25
2.0694444444444446,1868.55,441.25,27300.02,78.5
3.576388888888889,4439.14,350.5,26905.4,99.5
3.298611111111111,7285.39,429.25,15398.63,82.25
3.8402777777777777,5555.48,99.75,919.81,91.25
4.354166666666667,5076.5,0.0,6.56,83.0
4.840277777777778,6787.59,0.0,5.25,78.25
5.340277777777778,7950.8,0.0,36.49,61.75
4.5625,7392.49,106.25,8791.08,99.0
4.791666666666667,11187.53,419.25,24055.93,82.5
5.680555555555555,14993.23,474.75,26195.66,86.75
7.173611111111112,17016.8,409.0,17357.45,71.75
5.826388888888889,13175.49,122.75,1173.62,52.75
6.243055555555555,15705.17,0.0,7.3,36.5
6.194444444444445,15768.49,0.0,5.53,56.25
5.868055555555555,13535.19,0.0,76.2,58.75
4.951388888888888,10222.76,170.75,12642.54,61.75
5.249999999999999,12937.51,473.5,31931.9,42.5
5.520833333333333,13532.62,498.75,34200.52,32.25
4.729166666666666,12543.28,543.0,19065.46,35.5
5.284722222222221,7099.99,115.5,1053.53,61.5
5.527777777777778,9038.55,0.0,6.58,66.25
5.138888888888888,10354.28,0.0,6.23,81.0
5.291666666666667,10289.07,0.0,71.43,56.0
4.486111111111111,8100.52,145.25,12076.49,76.75
4.486111111111111,11126.09,479.25,25558.48,76.75
5.194444444444444,14852.02,478.5,27098.29,74.5
5.98611111111111,16824.7,391.75,16726.09,67.75
5.388888888888888,12415.0,89.75,994.15,73.25
6.333333333333332,12921.32,0.0,6.31,59.0
7.055555555555555,14554.88,0.0,5.53,61.25
7.027777777777778,14855.02,0.0,36.86,52.25
6.451388888888889,13238.72,133.5,11155.52,71.0
5.958333333333333,16283.26,349.0,24135.31,83.0
6.354166666666666,17980.34,505.25,24698.34,84.75
6.0,15650.02,410.75,15155.37,86.25
5.381944444444445,9156.13,109.25,835.64,75.25
5.805555555555555,8975.72,0.0,5.62,81.75
5.826388888888889,7855.11,0.0,6.36,89.5
5.583333333333334,7563.06,0.0,36.04,86.75
4.5625,6011.06,139.5,9171.17,64.5
4.722222222222222,7358.38,407.0,26775.86,94.75
5.222222222222222,9258.35,507.75,30614.91,81.25
4.229166666666666,9299.63,430.0,19806.15,69.5
3.847222222222222,5476.67,118.25,1109.37,52.75
5.027777777777778,6914.76,0.0,15.51,37.75
4.576388888888889,6814.29,0.0,8.23,96.25
3.9305555555555554,6082.98,0.0,53.06,76.5
3.0277777777777777,4415.14,100.5,9950.83,100.0
4.0,5481.32,316.25,25733.9,82.5
4.347222222222222,7481.83,553.0,29456.12,60.75
5.048611111111112,11038.44,394.5,17573.45,69.5
4.624999999999999,9736.08,95.75,850.57,88.0
5.819444444444444,10578.78,0.0,7.53,65.75
5.305555555555556,11872.17,0.0,6.45,82.75
5.972222222222222,12557.56,0.0,32.16,94.75
5.409722222222222,11895.34,86.25,8574.93,92.75
5.659722222222222,9898.26,202.0,23309.36,100.0
5.326388888888889,10592.84,321.25,23627.26,97.25
5.284722222222221,14391.57,328.0,14354.88,98.25
5.138888888888888,11806.49,90.75,717.61,100.0
5.118055555555555,16242.79,0.0,6.49,95.75
6.006944444444445,17383.03,0.0,5.74,80.0
6.763888888888889,15954.57,0.0,17.76,93.0
6.493055555555555,11486.88,60.25,7142.79,91.25
4.784722222222222,10620.59,338.75,23953.79,79.0
5.75,12338.37,397.5,30022.97,94.25
5.395833333333333,11965.38,410.25,17989.58,92.5
5.673611111111112,16479.84,80.75,626.82,98.0
6.527777777777778,25458.19,0.0,8.21,90.25
6.937499999999999,22806.51,0.0,6.81,82.0
5.833333333333333,15550.91,0.0,26.77,71.25
5.4375,12071.6,89.75,10486.74,74.75
5.361111111111112,14914.2,374.0,24295.58,57.25
5.513888888888889,16975.2,450.5,27530.71,56.75
6.006944444444445,22526.59,425.25,19187.84,17.25
6.354166666666666,20704.79,107.75,914.48,43.0
5.874999999999999,20567.04,0.0,10.89,30.75
5.895833333333334,19253.9,0.0,11.27,21.0
4.965277777777778,17753.03,0.0,39.58,33.25
3.75,9650.15,158.5,18839.66,32.0
4.916666666666666,10484.05,573.25,37824.65,44.75
5.111111111111112,11040.31,698.25,36981.53,71.75
4.743055555555555,9217.1,507.75,23525.98,72.75
4.451388888888888,3250.18,116.0,916.04,36.5
4.256944444444444,1961.57,0.0,11.52,52.25
3.8333333333333335,2766.79,0.0,7.17,83.75
3.729166666666667,5316.12,0.0,34.71,83.0
3.256944444444444,5018.82,148.5,16373.42,67.5
2.0694444444444446,2475.19,559.0,42800.37,76.25
3.881944444444444,4623.65,695.75,43317.42,51.75
3.8125,7816.97,515.5,23713.03,68.0
3.451388888888889,3570.82,92.75,711.01,62.25
3.9513888888888893,4417.34,0.0,10.7,52.5
5.076388888888888,6026.31,0.0,10.1,50.5
3.75,7995.64,0.0,29.73,63.75
3.3819444444444446,6375.94,142.75,15929.25,42.5
2.597222222222222,6392.24,566.25,38391.09,45.25
3.798611111111111,10258.77,676.75,38544.21,43.25
5.0,8059.87,491.5,22198.53,55.25
3.0347222222222223,3056.62,112.25,775.55,52.25
4.333333333333334,1780.92,0.0,18.96,29.0
3.423611111111111,1321.06,0.0,8.17,24.75
3.6597222222222223,1582.83,0.0,39.29,28.25
3.2777777777777777,2034.24,126.75,16354.05,37.25
1.6388888888888888,1029.4,479.25,38911.91,73.0
2.006944444444444,2491.75,688.25,41409.55,14.75
3.9513888888888893,6329.71,522.25,25404.57,34.75
4.486111111111111,8771.0,108.5,737.19,23.5
5.381944444444445,10513.81,0.0,14.36,22.5
5.972222222222222,12757.65,0.0,12.89,9.75
5.833333333333333,11951.93,0.0,26.4,2.25
5.402777777777778,6126.51,158.0,18258.1,3.5
5.208333333333333,5956.66,600.0,40942.6,29.5
5.715277777777778,5114.81,732.5,41194.36,17.0
5.319444444444444,7579.18,554.5,26453.78,21.5
4.965277777777778,4057.73,121.5,695.81,49.75
5.097222222222222,5878.5,0.0,9.51,45.25
3.9305555555555554,4949.11,0.0,9.59,14.0
3.4444444444444446,4071.72,0.0,29.11,22.75
3.6874999999999996,2657.27,159.25,18919.07,10.5
2.368055555555556,1438.11,609.25,45938.51,11.25
3.1111111111111107,1201.73,792.5,48858.43,41.75
3.1875,1110.07,557.5,26947.36,38.25
3.576388888888889,2588.16,116.75,586.82,25.75
4.041666666666667,6830.26,0.0,9.77,17.75
4.298611111111111,6816.59,0.0,6.19,0.0
4.534722222222222,5749.05,0.0,28.74,19.5
3.7916666666666665,4229.23,154.5,17785.46,17.25
2.145833333333333,2563.75,574.75,40466.48,13.0
2.833333333333333,3524.5,785.0,43355.52,39.0
3.534722222222222,3679.85,534.75,22999.15,25.75
4.881944444444444,7231.63,113.0,543.08,7.25
5.409722222222222,13560.03,0.0,10.53,24.25
5.0625,10182.01,0.0,9.92,2.0
4.798611111111111,7724.91,0.0,14.79,8.75
4.798611111111111,3994.91,149.5,16791.47,23.75
2.5416666666666665,1050.3,579.0,42123.58,1.0
3.069444444444444,1951.75,780.75,44924.06,1.75
2.8055555555555554,1663.37,559.5,23379.56,17.0
4.055555555555556,4126.54,110.75,441.07,0.25
3.833333333333333,7357.06,0.0,8.3,18.25
3.861111111111111,5175.12,0.0,7.09,35.75
4.361111111111111,3227.72,0.0,20.29,16.75
3.944444444444444,1942.63,137.25,16046.6,21.75
1.7291666666666665,1067.79,580.5,40387.77,3.25
2.388888888888889,1128.45,766.0,42018.25,40.75
2.986111111111111,421.81,477.75,21728.76,55.75
3.8611111111111107,2213.91,94.0,483.09,65.25
2.819444444444444,5123.24,0.0,7.24,54.75
3.763888888888889,4367.07,0.0,9.86,36.25
3.1805555555555554,5021.79,0.0,16.03,8.0
3.125,3369.51,139.25,15032.73,25.5
2.2083333333333335,3144.83,576.75,42640.86,4.25
3.4930555555555554,6515.36,741.5,42264.15,30.5
4.555555555555555,11042.17,414.25,19819.07,74.0
4.8125,10490.76,90.25,462.54,39.0
6.875,10952.38,0.0,11.46,49.0
5.958333333333333,9016.69,0.0,6.45,50.0
5.4375,8647.33,0.0,11.83,52.0
4.979166666666667,7520.43,88.25,8488.53,75.0
3.895833333333333,9032.47,454.25,25791.35,55.25
4.826388888888888,11657.75,667.0,34528.3,45.75
5.944444444444444,15338.17,472.75,19586.15,34.5
5.6875,13553.89,85.0,370.57,41.75
5.513888888888889,11454.56,0.0,14.15,51.0
4.708333333333333,9444.69,0.0,7.67,52.0
5.027777777777778,6555.45,0.0,17.89,51.75
3.5416666666666665,3237.46,107.5,12233.97,18.0
3.3680555555555554,2284.38,479.25,33791.16,72.25
3.1111111111111107,2622.55,672.75,36775.08,41.0
3.4027777777777777,3419.16,439.25,22322.41,48.75
3.9722222222222223,3768.14,84.75,329.63,44.75
4.152777777777778,4178.29,0.0,10.4,54.5
3.2222222222222223,2427.71,0.0,7.62,21.75
3.395833333333333,2008.85,0.0,15.65,3.75
3.1180555555555554,1209.43,139.25,17577.36,0.0
2.1805555555555554,1395.67,587.0,46313.64,1.75
2.9791666666666665,1716.15,756.5,47820.3,25.5
3.625,2078.32,505.0,25268.25,12.0
3.5624999999999996,2606.24,90.25,324.68,0.75
4.0,6251.91,0.0,6.6,0.0
3.0902777777777777,4583.37,0.0,6.63,0.25
3.4027777777777777,2734.37,0.0,19.72,0.5
3.0486111111111107,1889.22,135.5,17649.35,0.0
2.125,1821.6,583.5,44986.11,0.0
2.4930555555555554,2418.16,766.5,47468.6,0.0
2.944444444444444,3990.83,537.75,24460.98,0.75
4.534722222222223,4739.17,88.75,262.64,0.25
3.097222222222222,4412.35,0.0,13.9,47.25
3.4513888888888884,4035.43,0.0,6.19,12.5
3.9652777777777772,4302.28,0.0,8.01,50.75
3.6041666666666665,3350.14,122.0,13148.61,43.5
3.1666666666666665,5162.97,500.5,34300.16,56.25
3.5,5108.27,572.75,36809.12,69.25
4.701388888888889,6458.5,337.5,17544.96,61.25
5.777777777777777,7517.72,50.75,240.83,77.25
6.277777777777778,10303.36,0.0,7.46,55.0
4.319444444444445,6393.41,0.0,6.53,55.75
3.5902777777777777,4131.11,0.0,17.48,48.75
3.395833333333333,3100.64,100.75,11907.46,50.5
2.5625,5513.38,472.0,34907.27,52.0
4.104166666666667,9590.44,577.75,32114.92,73.75
4.694444444444444,15659.54,378.25,16081.8,47.0
5.284722222222221,14891.0,58.5,214.34,35.0
5.8125,13752.91,0.0,11.26,43.0
6.125,10607.09,0.0,11.7,54.25
5.1875,10081.79,0.0,13.98,32.75
4.006944444444445,7183.99,116.75,11013.8,41.0
4.861111111111111,11651.17,518.0,29360.22,58.0
6.034722222222222,16978.19,613.5,29113.84,59.75
6.548611111111111,17288.29,374.0,14612.69,50.25
5.750000000000001,10737.9,52.25,145.78,78.25
4.888888888888889,9600.05,0.0,10.33,79.0
4.972222222222221,10247.88,0.0,6.63,49.5
4.243055555555555,10840.77,0.0,14.87,62.75
3.875,11398.15,81.5,9237.57,91.25
4.986111111111111,15470.43,307.75,26927.47,55.75
6.743055555555555,14535.04,414.25,29174.74,51.75
6.409722222222221,15180.5,345.75,15876.56,77.0
4.791666666666667,6795.75,63.75,181.2,16.25
4.576388888888889,7300.2,0.0,8.98,18.0
4.048611111111112,5793.86,0.0,15.7,10.0
4.930555555555555,5728.26,0.0,15.35,15.25
4.736111111111112,4195.72,115.0,14328.16,36.75
3.6527777777777772,6340.32,513.0,34191.35,17.25
4.361111111111111,7777.4,501.0,31016.43,74.5
5.069444444444445,9399.38,382.5,18674.06,58.25
4.145833333333333,5695.25,61.0,138.76,18.5
4.826388888888888,6606.9,0.0,7.87,10.25
4.673611111111111,5625.2,0.0,6.14,14.5
3.958333333333333,5116.66,0.0,20.98,27.25
4.118055555555555,4564.81,87.75,14537.71,49.25
3.0624999999999996,5441.01,508.0,36143.38,71.75
4.166666666666667,6760.04,633.25,40929.94,92.5
3.9166666666666665,6383.06,442.5,21895.06,75.0
3.5833333333333335,2563.89,58.25,192.35,52.0
2.7847222222222223,2579.79,0.0,12.1,58.25
3.152777777777778,2830.47,0.0,7.22,39.0
3.236111111111111,2601.54,0.0,14.87,10.75
3.5624999999999996,3110.43,104.25,15866.76,25.0
1.8124999999999998,1854.74,546.0,42253.94,29.5
2.6041666666666665,2358.4,648.25,44169.49,62.5
3.1111111111111107,1775.51,446.75,18450.34,67.25
3.6736111111111116,4172.79,49.25,130.62,96.75
5.131944444444445,13697.51,0.0,8.72,91.5
6.340277777777778,13594.39,0.0,6.45,76.5
5.930555555555556,10565.5,0.0,9.4,50.25
5.701388888888888,7009.36,62.5,9163.22,82.0
3.458333333333333,5837.04,506.0,34766.01,51.0
4.013888888888888,7315.26,675.0,35484.42,53.25
3.2708333333333335,5860.89,317.75,14165.21,76.75
3.4791666666666665,3953.6,49.75,85.03,93.0
4.229166666666667,6657.84,0.0,10.48,97.25
4.444444444444445,4393.7,0.0,6.88,75.0
4.076388888888889,4104.07,0.0,10.79,99.5
4.791666666666667,4322.97,47.75,5782.06,99.75
3.770833333333333,2740.2,222.5,17290.25,100.0
3.708333333333333,3571.39,260.0,16164.15,100.0
2.513888888888889,5377.83,163.75,7769.94,100.0
3.5833333333333335,4345.43,26.0,112.52,98.5
3.479166666666666,4061.8,0.0,14.89,90.0
4.513888888888888,4221.43,0.0,6.12,98.75
4.847222222222222,5025.09,0.0,14.29,99.0
4.826388888888888,5429.05,41.25,7353.99,82.5
2.8194444444444446,4142.62,401.75,31584.36,73.25
2.7152777777777777,6212.27,420.0,34332.51,74.5
3.5624999999999996,7986.96,316.5,15152.23,63.0
4.451388888888888,9711.99,36.75,73.87,40.75
5.597222222222221,10915.21,0.0,24.05,59.5
5.8125,10342.64,0.0,8.94,85.5
5.277777777777778,8809.45,0.0,9.81,85.0
5.256944444444445,7605.84,53.0,8156.42,75.25
4.756944444444445,8414.75,428.25,31587.07,64.75
5.111111111111111,9761.44,605.75,33356.08,38.0
4.472222222222222,7291.13,423.0,18218.44,21.75
3.597222222222222,3378.42,42.0,121.72,25.0
4.791666666666667,7863.09,0.0,8.2,5.0
4.937499999999999,10841.02,0.0,10.23,1.0
4.451388888888888,11651.09,0.0,17.8,7.5
4.298611111111112,10010.64,96.5,14178.53,7.75
2.791666666666667,7012.68,495.75,35927.27,41.0
3.9722222222222223,5519.36,579.5,34862.66,44.75
3.3055555555555554,4344.42,366.75,18563.65,50.25
3.7916666666666665,4458.87,35.5,84.38,45.25
5.243055555555555,11221.31,0.0,7.69,45.5
5.416666666666667,12593.54,0.0,8.5,30.5
4.715277777777778,12945.15,0.0,8.93,42.0
6.034722222222222,9846.75,77.25,11019.99,56.0
4.576388888888889,5625.83,381.0,22468.91,88.75
5.791666666666667,6049.65,537.5,24970.66,96.75
4.138888888888889,4468.2,216.5,10780.29,98.5
3.2916666666666665,2798.66,22.5,107.27,99.5
4.0,5916.86,0.0,5.8,97.75
3.513888888888889,5418.73,0.0,5.82,100.0
3.9305555555555554,5520.59,0.0,6.29,81.0
4.597222222222222,5300.04,43.5,6150.87,80.5
3.708333333333333,4993.4,276.75,24153.35,76.75
3.729166666666667,6988.26,403.5,28959.16,85.25
3.826388888888889,6671.49,415.75,16148.66,19.0
2.951388888888889,5801.71,34.0,110.52,49.25
4.215277777777778,10498.04,0.0,11.29,31.0
5.298611111111111,14248.23,0.0,7.85,26.75
5.833333333333333,18159.3,0.0,8.71,21.25
6.499999999999999,17655.71,81.0,12095.55,64.0
5.798611111111111,19300.08,462.0,33497.42,26.5
6.076388888888888,19688.68,517.75,30193.77,80.0
5.597222222222221,24512.6,308.25,15486.98,71.75
7.090277777777777,23848.29,28.25,80.13,50.75
7.166666666666667,27370.12,0.0,9.23,41.5
6.791666666666666,23931.82,0.0,7.94,30.5
6.4375,19435.47,0.0,11.42,26.25
5.701388888888888,13515.11,75.25,11460.4,13.25
4.013888888888888,10242.54,503.25,36374.58,61.0
5.583333333333334,10191.31,630.25,32206.15,86.5
4.819444444444445,6445.38,300.5,11363.46,86.0
3.8333333333333335,4941.44,19.75,81.68,92.5
4.715277777777778,7123.24,0.0,6.7,98.5
4.847222222222222,9009.05,0.0,5.33,100.0
6.125,9234.17,0.0,6.82,93.75
4.666666666666667,7791.64,30.0,6180.88,96.0
4.347222222222222,9145.88,385.5,23365.81,76.0
5.729166666666667,9443.41,310.75,25717.48,80.75
5.194444444444444,7031.24,253.25,14217.57,52.25
3.9305555555555554,3157.01,26.5,68.48,10.0
4.104166666666667,3596.66,0.0,13.06,30.25
3.875,2081.44,0.0,7.73,27.5
3.6736111111111116,1462.63,0.0,8.18,48.5
3.0277777777777777,1381.55,71.5,12750.45,26.5
1.9861111111111112,713.76,514.75,42104.16,1.25
3.013888888888889,1108.03,672.25,42980.11,25.5
3.0138888888888893,1818.31,420.5,19511.03,28.75
4.097222222222222,4866.63,22.25,64.34,60.25
4.590277777777778,12867.83,0.0,10.64,49.75
4.729166666666666,12564.29,0.0,10.81,75.0
4.548611111111111,12943.7,0.0,15.07,66.25
4.493055555555555,12528.9,69.25,12931.59,74.5
3.1319444444444446,6729.04,478.25,38399.77,74.75
3.8402777777777777,4227.15,618.0,38143.34,77.5
4.638888888888888,13072.3,435.25,19362.56,53.0
5.4375,18896.42,22.25,18.71,24.25
5.159722222222222,19703.09,0.0,6.53,31.25
4.5625,14940.21,0.0,6.79,49.0
4.659722222222221,12224.93,0.0,8.52,53.5
4.291666666666667,7601.29,66.25,11865.9,44.5
2.548611111111111,5415.75,462.25,32172.3,66.5
3.180555555555556,3698.46,512.75,26612.54,58.0
2.8958333333333335,1582.08,305.5,9722.03,83.75
3.3125,2768.79,12.75,57.0,75.25
4.006944444444444,3024.77,0.0,6.67,62.0
3.3541666666666665,2128.87,0.0,8.09,30.75
3.951388888888889,2751.0,0.0,7.37,27.0
4.708333333333333,5070.88,60.0,7307.77,72.75
2.006944444444444,2779.58,331.25,20189.25,68.0
4.097222222222222,3371.23,340.75,19539.09,75.75
3.791666666666666,3542.95,223.75,7950.16,80.75
4.416666666666667,3581.36,11.5,45.67,58.5
3.770833333333333,3990.84,0.0,9.52,74.75
2.5486111111111107,1935.04,0.0,5.26,76.25
2.881944444444444,1622.53,0.0,7.9,77.75
3.020833333333333,1387.31,38.25,5912.87,78.5
2.6041666666666665,643.28,314.5,18566.51,94.25
2.5902777777777777,1695.82,378.0,19932.68,100.0
3.430555555555556,2109.11,233.0,9674.19,91.5
2.013888888888889,3404.61,9.25,53.62,71.25
3.722222222222222,9951.33,0.0,7.11,53.5
4.840277777777778,12438.68,0.0,8.29,50.25
5.118055555555555,14630.62,0.0,8.09,42.0
6.034722222222222,16558.14,56.25,7635.05,31.25
6.340277777777778,21129.65,351.25,28127.65,52.5
7.645833333333333,23154.6,549.25,25864.42,38.0
7.701388888888889,21260.73,337.25,11118.51,67.25
6.090277777777778,18471.78,9.75,84.84,57.5
6.347222222222222,23499.58,0.0,9.97,55.5
6.659722222222222,23565.69,0.0,10.07,44.5
6.194444444444445,22731.87,0.0,11.28,6.0
6.194444444444445,19764.31,53.5,8890.96,31.0
6.3125,22710.7,363.5,27041.29,47.25
6.173611111111112,20567.65,510.5,28872.29,39.5
6.291666666666666,18921.25,317.0,13680.33,55.75
4.8125,12347.71,10.5,66.13,28.25
5.229166666666667,15336.56,0.0,14.43,27.25
5.125,17546.03,0.0,10.51,47.25
4.993055555555556,16436.24,0.0,9.26,91.75
5.229166666666666,16469.09,39.5,7526.13,95.0
3.215277777777778,10102.24,363.75,32707.38,86.25
4.909722222222222,14767.18,516.0,29947.18,97.25
4.5,15158.09,260.5,12032.07,77.0
3.729166666666667,14102.67,8.0,81.62,96.75
5.541666666666667,14350.39,0.0,11.99,99.75
5.666666666666666,12825.4,0.0,7.76,100.0
5.604166666666667,10405.27,0.0,7.29,99.0
5.506944444444444,9393.37,26.0,4506.23,88.75
5.659722222222222,8336.28,310.75,26311.65,59.5
6.006944444444445,9488.06,494.25,34121.48,63.5
4.75,7161.16,320.5,14493.13,43.25
4.0625,6561.42,6.75,61.35,71.5
5.451388888888888,19669.16,0.0,17.75,86.25
7.486111111111111,26803.08,0.0,13.65,100.0
8.465277777777779,32340.53,0.0,13.43,79.0
8.631944444444445,34602.93,29.25,5888.06,74.25
8.194444444444445,31954.63,334.0,27285.9,47.0
9.444444444444445,28397.67,538.0,29880.36,13.75
8.555555555555555,33989.24,356.5,12708.57,40.75
7.590277777777778,34648.12,6.25,73.24,42.25
8.29861111111111,38220.86,0.0,11.36,34.5
9.569444444444445,36764.93,0.0,6.41,40.5
9.583333333333334,39725.75,0.0,8.18,44.0
10.097222222222223,39713.82,41.0,6880.33,70.0
10.965277777777777,33469.37,306.75,23353.1,83.75
10.965277777777779,32239.49,513.0,24243.54,51.25
9.458333333333332,33142.28,302.0,10137.11,56.0
7.354166666666667,29668.62,4.5,29.92,52.0
7.951388888888888,27454.63,0.0,14.34,82.5
7.930555555555555,25496.95,0.0,7.65,61.0
7.291666666666666,23291.25,0.0,9.19,37.5
6.708333333333333,20163.72,41.25,8540.0,74.75
6.805555555555555,19395.79,323.0,27254.78,84.25
7.201388888888889,21678.78,450.25,22321.72,59.5
6.555555555555555,17687.98,247.0,8949.7,75.0
6.125,16559.14,3.25,51.53,56.5
6.395833333333333,24153.69,0.0,7.28,61.5
7.027777777777778,25415.25,0.0,7.31,53.5
6.319444444444445,23923.36,0.0,7.97,56.5
6.652777777777778,22699.75,23.75,7394.43,50.0
5.125,19960.23,321.5,29331.66,50.0
6.006944444444445,18288.01,482.75,32584.11,58.75
5.868055555555555,19205.8,272.5,12847.99,49.5
6.763888888888889,19670.92,2.75,35.42,39.75
6.708333333333333,19446.83,0.0,7.24,50.0
6.347222222222222,17136.03,0.0,7.4,31.75
5.236111111111112,12933.52,0.0,8.18,24.25
4.388888888888889,10282.13,37.5,9595.15,60.25
3.8749999999999996,6845.54,372.5,37142.13,50.25
3.4305555555555554,4902.03,544.25,41543.44,57.75
3.013888888888889,4278.47,372.5,15534.14,2.75
5.0,8922.22,3.25,75.11,30.0
4.354166666666667,19328.43,0.0,6.78,40.75
5.881944444444445,20797.23,0.0,5.01,1.0
6.270833333333333,19640.26,0.0,6.32,25.25
6.076388888888888,18084.07,39.25,10909.73,45.75
3.125,6569.6,440.5,38591.89,55.5
3.3125,9311.52,616.0,35504.89,71.75
4.944444444444445,12319.14,342.5,11486.06,67.25
5.430555555555555,12643.77,2.0,39.72,34.75
4.819444444444445,16755.36,0.0,13.68,74.5
6.180555555555555,18909.57,0.0,5.53,52.5
5.138888888888888,19696.32,0.0,8.11,56.25
5.298611111111111,23317.39,33.0,7089.78,48.25
4.868055555555555,19234.47,290.5,24207.55,61.0
6.277777777777778,18276.77,416.0,20382.6,65.0
6.25,18373.32,197.25,4890.81,68.5
5.493055555555556,12849.9,0.75,17.09,98.5
5.708333333333333,10640.1,0.0,6.98,100.0
6.187499999999999,10201.08,0.0,8.86,100.0
4.979166666666667,11984.9,0.0,7.21,99.75
5.4375,11900.8,17.5,3281.7,80.0
5.534722222222222,12493.02,199.25,16453.74,100.0
5.479166666666667,16611.77,248.75,15953.18,98.5
5.631944444444444,13707.44,165.25,5573.7,100.0
4.520833333333333,10583.13,0.75,13.74,75.0
4.923611111111112,9896.72,0.0,6.04,61.75
4.916666666666666,8189.29,0.0,6.11,42.75
4.486111111111111,7469.93,0.0,6.36,42.25
4.513888888888888,6258.23,24.5,6742.51,31.25
3.8125,5885.11,313.25,26641.32,49.0
5.659722222222222,9239.93,436.25,24053.58,53.5
6.291666666666667,12762.75,269.25,7230.4,47.5
7.541666666666666,16811.37,0.5,32.07,52.25
7.013888888888888,21128.1,0.0,12.86,52.75
6.638888888888888,20382.53,0.0,9.35,50.25
6.472222222222222,21420.64,0.0,10.4,50.0
7.048611111111111,21281.72,20.5,5529.05,50.0
6.618055555555555,21920.19,299.25,21534.22,50.0
7.569444444444445,26316.81,375.75,20154.2,50.75
7.361111111111111,29447.51,195.0,6106.88,53.25
7.222222222222222,30989.81,0.0,16.53,50.0
7.444444444444444,30420.42,0.0,10.12,50.0
7.298611111111111,27875.15,0.0,9.85,50.0
6.659722222222222,26985.89,0.0,12.45,54.5
7.194444444444444,24785.41,18.75,3648.02,39.75
6.638888888888888,23758.08,266.0,14554.72,72.0
7.236111111111111,26368.74,420.0,15150.43,72.75
6.152777777777777,25212.29,225.5,4336.93,77.0
6.319444444444445,22479.13,0.0,19.82,82.0
6.354166666666666,19453.31,0.0,6.84,100.0
5.840277777777779,15264.45,0.0,6.23,100.0
6.201388888888888,14415.47,0.0,7.49,93.25
6.097222222222223,14325.36,13.25,3071.87,97.0
6.076388888888888,15720.99,259.75,15590.31,99.75
5.784722222222222,16051.22,312.5,17280.14,92.75
5.993055555555555,15996.33,227.5,4800.16,75.25
6.819444444444444,15714.22,0.0,52.01,59.5
6.9375,13788.73,0.0,6.9,99.25
5.784722222222222,10718.07,0.0,6.14,75.0
5.013888888888889,9001.9,0.0,6.49,29.5
5.222222222222222,8632.6,19.0,3713.09,75.0
3.3472222222222223,4969.16,237.75,18596.71,75.25
3.0763888888888884,4189.23,428.0,20849.49,36.5
3.5625,4983.19,239.0,6299.69,53.0
4.194444444444445,6051.7,0.0,50.2,56.5
4.173611111111111,5625.73,0.0,7.45,43.75
4.083333333333333,3839.67,0.0,5.91,40.0
3.8402777777777777,2744.07,0.0,6.17,71.25
3.631944444444444,2969.17,15.5,5676.06,56.75
2.361111111111111,1552.33,291.25,27820.34,63.5
3.2083333333333335,1576.3,469.5,29653.76,54.0
3.0555555555555554,2531.21,258.5,9078.78,58.0
4.423611111111112,8632.12,0.0,9.95,18.25
4.305555555555555,7351.33,0.0,6.81,4.75
3.861111111111111,4530.35,0.0,6.04,8.75
4.215277777777778,3416.11,0.0,6.3,33.25
4.236111111111111,3510.55,18.25,5608.94,31.25
2.569444444444444,1740.19,356.0,28358.95,26.75
2.569444444444444,2583.24,496.25,28905.19,34.5
2.2083333333333335,2819.15,268.75,7164.65,25.25
4.493055555555555,6538.53,0.0,11.7,51.0
4.298611111111111,6337.99,0.0,5.95,60.5
4.013888888888888,4638.17,0.0,5.99,62.5
4.381944444444445,4027.22,0.0,7.1,73.25
4.819444444444445,4823.4,13.0,4156.8,75.0
3.333333333333333,3317.17,290.75,23413.77,31.25
3.1875,3268.12,445.5,23111.79,65.75
3.222222222222222,4933.34,223.5,6038.9,51.5
4.138888888888888,9298.54,0.0,11.88,47.0
5.256944444444445,9284.76,0.0,6.64,51.5
